p,replication,n_edges,spectral_gap,clustering,frustration,optimal_welfare,sa_mean_welfare,sa_std_welfare,sa_approx_ratio,sa_coincidence_rate,sa_mean_cooperation,sa_mean_logical_entropy,sqa_mean_welfare,sqa_std_welfare,sqa_approx_ratio,sqa_coincidence_rate,sqa_mean_cooperation,sqa_mean_logical_entropy,eq_welfare,eq_approx_ratio,eq_coincidence,eq_ground_state_overlap,eq_cooperation,eq_logical_entropy
0.2,1,8,0.0,0.5,1.0,24.0,24.0,0.0,1.0,0.25,0.892,0.18120000000000006,23.9,0.4380858271151807,0.9958333333333332,0.12,0.862,0.2260000000000001,24.0,1.0,true,1.0,1.0,0.0
0.2,2,3,0.0,0.0,0.0,9.0,9.0,0.0,1.0,0.01,0.726,0.37720000000000004,8.9,0.4380858271151806,0.9888888888888888,0.01,0.713,0.3774,9.0,1.0,true,1.0,1.0,0.0
0.2,3,11,0.0,0.15,1.0,33.0,33.0,0.0,1.0,0.52,0.9520000000000002,0.0864,33.0,0.0,1.0,0.31,0.9310000000000003,0.12419999999999998,33.0,1.0,true,1.0,1.0,0.0
0.2,4,12,0.2901960094257846,0.0,0.0,36.0,36.0,0.0,1.0,1.0,1.0,0.0,36.0,0.0,1.0,1.0,1.0,0.0,36.0,1.0,true,1.0,1.0,0.0
0.2,5,9,0.0,0.0,0.0,27.0,27.0,0.0,1.0,0.51,0.951,0.0882,26.67,0.9433981132056604,0.9877777777777778,0.27,0.9200000000000002,0.1412,27.0,1.0,true,1.0,1.0,0.0
0.2,6,9,0.0,0.2,1.0,27.0,27.0,0.0,1.0,0.23,0.889,0.18620000000000003,26.97,0.3,0.9988888888888888,0.15,0.8760000000000002,0.20720000000000002,27.0,1.0,true,1.0,1.0,0.0
0.2,7,4,0.0,0.0,0.0,12.0,12.0,0.0,1.0,0.06,0.7909999999999999,0.31020000000000003,11.82,0.5752469825293228,0.985,0.01,0.7349999999999999,0.3662,12.0,1.0,true,1.0,1.0,0.0
0.2,8,11,0.24361605245747123,0.0,0.0,33.0,33.0,0.0,1.0,1.0,1.0,0.0,32.82,0.7160497697278259,0.9945454545454546,0.94,0.9939999999999999,0.0108,33.0,1.0,true,1.0,1.0,0.0
0.2,9,10,0.09818508096151876,0.0,0.0,30.0,30.0,0.0,1.0,1.0,1.0,0.0,29.6,1.1976407785072427,0.9866666666666667,0.89,0.9869999999999999,0.022600000000000002,30.0,1.0,true,1.0,1.0,0.0
0.2,10,9,0.0,0.21428571428571427,1.0,27.0,27.0,0.0,1.0,0.59,0.9590000000000001,0.0738,26.85,0.6571287406727709,0.9944444444444446,0.29,0.9260000000000003,0.132,27.0,1.0,true,1.0,1.0,0.0
0.2,11,8,0.0,0.0,0.0,24.0,24.0,0.0,1.0,0.53,0.9530000000000001,0.08460000000000001,23.42,1.2727128426310388,0.9758333333333334,0.31,0.9200000000000003,0.1392,24.0,1.0,true,1.0,1.0,0.0
0.2,12,9,0.0,0.35294117647058826,1.0,27.0,27.0,0.0,1.0,0.28,0.907,0.15900000000000003,27.0,0.0,1.0,0.11,0.8610000000000001,0.23020000000000007,27.0,1.0,true,1.0,1.0,0.0
0.2,13,13,0.0,0.11538461538461539,1.0,39.0,39.0,0.0,1.0,0.49,0.9490000000000003,0.09179999999999999,39.0,0.0,1.0,0.38,0.9380000000000002,0.1116,39.0,1.0,true,1.0,1.0,0.0
0.2,14,6,0.0,0.0,0.0,18.0,18.0,0.0,1.0,0.04,0.8310000000000001,0.2674000000000001,17.73,0.8628704737939842,0.985,0.05,0.799,0.30460000000000004,18.0,1.0,true,1.0,1.0,0.0
0.2,15,8,0.0,0.0,0.0,24.0,24.0,0.0,1.0,0.51,0.951,0.0882,23.44,1.2087225078611308,0.9766666666666666,0.21,0.9070000000000004,0.16020000000000004,24.0,1.0,true,1.0,1.0,0.0
0.2,16,7,0.0,0.46153846153846156,1.0,21.0,21.0,0.0,1.0,0.04,0.7939999999999999,0.3104,21.0,0.0,1.0,0.03,0.7600000000000001,0.34480000000000005,21.0,1.0,true,1.0,1.0,0.0
0.2,17,10,0.0,0.2,1.0,30.0,30.0,0.0,1.0,0.61,0.9610000000000002,0.0702,30.0,0.0,1.0,0.27,0.9270000000000002,0.13139999999999996,30.0,1.0,true,1.0,1.0,0.0
0.2,18,10,0.0,0.2857142857142857,1.0,30.0,30.0,0.0,1.0,0.52,0.9520000000000002,0.0864,29.97,0.3,0.9990000000000001,0.3,0.929,0.12739999999999999,30.0,1.0,true,1.0,1.0,0.0
0.2,19,15,0.14863533211566018,0.45454545454545453,1.0,45.0,45.0,0.0,1.0,1.0,1.0,0.0,45.0,0.0,1.0,1.0,1.0,0.0,45.0,1.0,true,1.0,1.0,0.0
0.2,20,8,0.0,0.3333333333333333,1.0,24.0,24.0,0.0,1.0,0.51,0.9510000000000002,0.0882,23.55,0.9252354327740622,0.9812499999999998,0.19,0.8850000000000001,0.1882,24.0,1.0,true,1.0,1.0,0.0
0.2,21,8,0.0,0.0,0.0,24.0,24.0,0.0,1.0,0.54,0.9540000000000001,0.08280000000000001,23.59,1.0833449882822939,0.9829166666666665,0.27,0.92,0.14120000000000002,24.0,1.0,true,1.0,1.0,0.0
0.2,22,15,0.29734499018526,0.3333333333333333,1.0,45.0,45.0,0.0,1.0,1.0,1.0,0.0,45.0,0.0,1.0,1.0,1.0,0.0,45.0,1.0,true,1.0,1.0,0.0
0.2,23,5,0.0,0.0,0.0,15.0,15.0,0.0,1.0,0.25,0.9010000000000002,0.1686,14.05,1.2257753678897503,0.9366666666666665,0.13,0.8149999999999998,0.27380000000000004,15.0,1.0,true,1.0,1.0,0.0
0.2,24,5,0.0,0.6,1.0,15.0,15.0,0.0,1.0,0.04,0.79,0.3128,14.98,0.2,0.9986666666666667,0.04,0.765,0.3378000000000001,15.0,1.0,true,1.0,1.0,0.0
0.2,25,10,0.10562766443732852,0.16666666666666666,1.0,30.0,30.0,0.0,1.0,1.0,1.0,0.0,29.6,1.1547005383792515,0.9866666666666667,0.88,0.986,0.024,30.0,1.0,true,1.0,1.0,0.0
0.2,26,7,0.0,0.0,0.0,21.0,21.0,0.0,1.0,0.31,0.9030000000000002,0.16340000000000005,20.64,0.7722458393307382,0.9828571428571429,0.11,0.8390000000000002,0.24940000000000004,21.0,1.0,true,1.0,1.0,0.0
0.2,27,11,0.0,0.16666666666666666,1.0,33.0,33.0,0.0,1.0,0.5,0.9500000000000003,0.09,33.0,0.0,1.0,0.36,0.9360000000000003,0.1152,33.0,1.0,true,1.0,1.0,0.0
0.2,28,8,0.0,0.0,0.0,24.0,24.0,0.0,1.0,0.39,0.9390000000000002,0.10980000000000001,23.53,0.8698658900466592,0.9804166666666666,0.17,0.8760000000000002,0.19920000000000002,24.0,1.0,true,1.0,1.0,0.0
0.2,29,8,0.0,0.3333333333333333,1.0,24.0,24.0,0.0,1.0,0.49,0.9490000000000001,0.09179999999999999,23.55,0.8572330399888264,0.98125,0.27,0.889,0.1778,24.0,1.0,true,1.0,1.0,0.0
0.2,30,10,0.0,0.3333333333333333,1.0,30.0,30.0,0.0,1.0,0.65,0.9650000000000003,0.063,29.85,0.657128740672771,0.995,0.25,0.9200000000000003,0.142,30.0,1.0,true,1.0,1.0,0.0
0.2,31,6,0.0,0.0,0.0,18.0,18.0,0.0,1.0,0.1,0.8370000000000002,0.25500000000000006,17.94,0.42211588240886916,0.9966666666666667,0.04,0.8100000000000002,0.2932,18.0,1.0,true,1.0,1.0,0.0
0.2,32,8,0.0,0.0,0.0,24.0,24.0,0.0,1.0,0.2,0.8900000000000002,0.18600000000000003,23.91,0.5143398239932959,0.99625,0.13,0.8710000000000002,0.21540000000000006,24.0,1.0,true,1.0,1.0,0.0
0.2,33,7,0.0,0.0,0.0,21.0,21.0,0.0,1.0,0.25,0.9,0.17,20.82,0.716049769727826,0.9914285714285714,0.11,0.8630000000000001,0.22580000000000006,21.0,1.0,true,1.0,1.0,0.0
0.2,34,8,0.0,0.23076923076923078,1.0,24.0,24.0,0.0,1.0,0.12,0.8430000000000001,0.24700000000000005,24.0,0.0,1.0,0.1,0.8170000000000002,0.28140000000000004,24.0,1.0,true,1.0,1.0,0.0
0.2,35,8,0.0,0.42857142857142855,1.0,24.0,24.0,0.0,1.0,0.55,0.9550000000000003,0.081,23.04,1.7861419401332672,0.96,0.25,0.9070000000000001,0.159,24.0,1.0,true,1.0,1.0,0.0
0.2,36,13,0.22854622098109928,0.3,1.0,39.0,39.0,0.0,1.0,1.0,1.0,0.0,39.0,0.0,1.0,1.0,1.0,0.0,39.0,1.0,true,1.0,1.0,0.0
0.2,37,5,0.0,0.0,0.0,15.0,15.0,0.0,1.0,0.14,0.847,0.24260000000000004,14.81,0.614554121031474,0.9873333333333334,0.08,0.8030000000000002,0.29460000000000003,15.0,1.0,true,1.0,1.0,0.0
0.2,38,5,0.0,0.0,0.0,15.0,15.0,0.0,1.0,0.18,0.8900000000000001,0.18680000000000002,14.3,1.1236664374387368,0.9533333333333335,0.09,0.8170000000000002,0.27380000000000004,15.0,1.0,true,1.0,1.0,0.0
0.2,39,8,0.0,0.23076923076923078,1.0,24.0,24.0,0.0,1.0,0.3,0.9020000000000001,0.16520000000000004,23.82,0.716049769727826,0.9925,0.1,0.8510000000000002,0.24300000000000008,24.0,1.0,true,1.0,1.0,0.0
0.2,40,8,0.0,0.0,0.0,24.0,24.0,0.0,1.0,1.0,1.0,0.0,22.56,1.6956271745733245,0.94,0.56,0.9500000000000002,0.08760000000000001,24.0,1.0,true,1.0,1.0,0.0
0.2,41,12,0.2919718403401775,0.0,0.0,36.0,36.0,0.0,1.0,1.0,1.0,0.0,36.0,0.0,1.0,1.0,1.0,0.0,36.0,1.0,true,1.0,1.0,0.0
0.2,42,9,0.06795793635256375,0.0,0.0,27.0,27.0,0.0,1.0,1.0,1.0,0.0,26.1,1.6605950010691222,0.9666666666666667,0.75,0.972,0.04920000000000001,27.0,1.0,true,1.0,1.0,0.0
0.2,43,9,0.0,0.2727272727272727,1.0,27.0,27.0,0.0,1.0,0.53,0.9530000000000001,0.08460000000000001,26.83,0.7661394761854377,0.9937037037037036,0.2,0.9170000000000001,0.14819999999999997,27.0,1.0,true,1.0,1.0,0.0
0.2,44,12,0.12156892610896648,0.0,0.0,36.0,36.0,0.0,1.0,1.0,1.0,0.0,35.97,0.3,0.9991666666666665,0.99,0.9990000000000001,0.0018000000000000002,36.0,1.0,true,1.0,1.0,0.0
0.2,45,10,0.17308724293449493,0.0,0.0,30.0,30.0,0.0,1.0,1.0,1.0,0.0,29.82,0.8333939371902429,0.9940000000000001,0.95,0.995,0.009000000000000001,30.0,1.0,true,1.0,1.0,0.0
0.2,46,6,0.0,0.0,0.0,18.0,18.0,0.0,1.0,1.0,1.0,0.0,15.98,1.4701061598442886,0.8877777777777779,0.25,0.84,0.2388,18.0,1.0,true,1.0,1.0,0.0
0.2,47,7,0.0,0.25,1.0,21.0,21.0,0.0,1.0,0.27,0.9020000000000001,0.1664,20.82,0.5752469825293228,0.9914285714285714,0.09,0.8400000000000002,0.25400000000000006,21.0,1.0,true,1.0,1.0,0.0
0.2,48,10,0.0,0.0,0.0,30.0,30.0,0.0,1.0,0.53,0.9530000000000001,0.08460000000000001,29.89,0.7771353768420235,0.9963333333333334,0.34,0.931,0.1226,30.0,1.0,true,1.0,1.0,0.0
0.2,49,10,0.0,0.0,0.0,30.0,30.0,0.0,1.0,0.55,0.9550000000000003,0.081,29.97,0.3,0.9990000000000001,0.41,0.9400000000000003,0.1076,30.0,1.0,true,1.0,1.0,0.0
0.2,50,6,0.0,0.0,0.0,18.0,18.0,0.0,1.0,0.17,0.8780000000000002,0.20400000000000007,17.41,1.0258773037864921,0.9672222222222223,0.07,0.8140000000000001,0.28,18.0,1.0,true,1.0,1.0,0.0
0.4,1,20,0.4029511652709957,0.3582089552238806,1.0,60.0,60.0,0.0,1.0,1.0,1.0,0.0,60.0,0.0,1.0,1.0,1.0,0.0,60.0,1.0,true,1.0,1.0,0.0
0.4,2,15,0.24681350308533395,0.34285714285714286,1.0,45.0,45.0,0.0,1.0,1.0,1.0,0.0,45.0,0.0,1.0,1.0,1.0,0.0,45.0,1.0,true,1.0,1.0,0.0
0.4,3,23,0.5474950385016093,0.5052631578947369,1.0,69.0,69.0,0.0,1.0,1.0,1.0,0.0,69.0,0.0,1.0,1.0,1.0,0.0,69.0,1.0,true,1.0,1.0,0.0
0.4,4,26,0.5373337615047838,0.5526315789473685,1.0,78.0,78.0,0.0,1.0,1.0,1.0,0.0,78.0,0.0,1.0,1.0,1.0,0.0,78.0,1.0,true,1.0,1.0,0.0
0.4,5,18,0.0,0.4838709677419355,1.0,54.0,54.0,0.0,1.0,0.59,0.9590000000000001,0.0738,54.0,0.0,1.0,0.34,0.934,0.11879999999999999,54.0,1.0,true,1.0,1.0,0.0
0.4,6,16,0.2723121166814326,0.4666666666666667,1.0,48.0,48.0,0.0,1.0,1.0,1.0,0.0,48.0,0.0,1.0,1.0,1.0,0.0,48.0,1.0,true,1.0,1.0,0.0
0.4,7,14,0.20656665943374183,0.2903225806451613,1.0,42.0,42.0,0.0,1.0,1.0,1.0,0.0,42.0,0.0,1.0,1.0,1.0,0.0,42.0,1.0,true,1.0,1.0,0.0
0.4,8,20,0.37241922691737994,0.4090909090909091,1.0,60.0,60.0,0.0,1.0,1.0,1.0,0.0,60.0,0.0,1.0,1.0,1.0,0.0,60.0,1.0,true,1.0,1.0,0.0
0.4,9,17,0.3554583635976758,0.2727272727272727,1.0,51.0,51.0,0.0,1.0,1.0,1.0,0.0,51.0,0.0,1.0,1.0,1.0,0.0,51.0,1.0,true,1.0,1.0,0.0
0.4,10,22,0.46009644283290524,0.4642857142857143,1.0,66.0,66.0,0.0,1.0,1.0,1.0,0.0,66.0,0.0,1.0,1.0,1.0,0.0,66.0,1.0,true,1.0,1.0,0.0
0.4,11,14,0.2530187694489274,0.18181818181818182,1.0,42.0,42.0,0.0,1.0,1.0,1.0,0.0,42.0,0.0,1.0,1.0,1.0,0.0,42.0,1.0,true,1.0,1.0,0.0
0.4,12,20,0.5055357172472372,0.5131578947368421,1.0,60.0,60.0,0.0,1.0,1.0,1.0,0.0,60.0,0.0,1.0,1.0,1.0,0.0,60.0,1.0,true,1.0,1.0,0.0
0.4,13,19,0.4830983176317355,0.3620689655172414,1.0,57.0,57.0,0.0,1.0,1.0,1.0,0.0,57.0,0.0,1.0,1.0,1.0,0.0,57.0,1.0,true,1.0,1.0,0.0
0.4,14,13,0.42628818430955684,0.0967741935483871,1.0,39.0,39.0,0.0,1.0,1.0,1.0,0.0,39.0,0.0,1.0,1.0,1.0,0.0,39.0,1.0,true,1.0,1.0,0.0
0.4,15,13,0.20023855270660523,0.12,1.0,39.0,39.0,0.0,1.0,1.0,1.0,0.0,39.0,0.0,1.0,1.0,1.0,0.0,39.0,1.0,true,1.0,1.0,0.0
0.4,16,18,0.4091463596355281,0.4444444444444444,1.0,54.0,54.0,0.0,1.0,1.0,1.0,0.0,54.0,0.0,1.0,1.0,1.0,0.0,54.0,1.0,true,1.0,1.0,0.0
0.4,17,16,0.3790201215853211,0.21951219512195122,1.0,48.0,48.0,0.0,1.0,1.0,1.0,0.0,48.0,0.0,1.0,1.0,1.0,0.0,48.0,1.0,true,1.0,1.0,0.0
0.4,18,23,0.5834053926901517,0.5368421052631579,1.0,69.0,69.0,0.0,1.0,1.0,1.0,0.0,69.0,0.0,1.0,1.0,1.0,0.0,69.0,1.0,true,1.0,1.0,0.0
0.4,19,23,0.6038396485475018,0.4482758620689655,1.0,69.0,69.0,0.0,1.0,1.0,1.0,0.0,69.0,0.0,1.0,1.0,1.0,0.0,69.0,1.0,true,1.0,1.0,0.0
0.4,20,16,0.37635007099775686,0.21428571428571427,1.0,48.0,48.0,0.0,1.0,1.0,1.0,0.0,48.0,0.0,1.0,1.0,1.0,0.0,48.0,1.0,true,1.0,1.0,0.0
0.4,21,15,0.4468669488583721,0.2857142857142857,1.0,45.0,45.0,0.0,1.0,1.0,1.0,0.0,45.0,0.0,1.0,1.0,1.0,0.0,45.0,1.0,true,1.0,1.0,0.0
0.4,22,19,0.477311990149331,0.3559322033898305,1.0,57.0,57.0,0.0,1.0,1.0,1.0,0.0,57.0,0.0,1.0,1.0,1.0,0.0,57.0,1.0,true,1.0,1.0,0.0
0.4,23,15,0.3365377518376607,0.23076923076923078,1.0,45.0,45.0,0.0,1.0,1.0,1.0,0.0,45.0,0.0,1.0,1.0,1.0,0.0,45.0,1.0,true,1.0,1.0,0.0
0.4,24,11,0.0,0.375,1.0,33.0,33.0,0.0,1.0,0.16,0.8880000000000001,0.1904,33.0,0.0,1.0,0.15,0.8740000000000002,0.21040000000000006,33.0,1.0,true,1.0,1.0,0.0
0.4,25,19,0.5236153677206519,0.36923076923076925,1.0,57.0,57.0,0.0,1.0,1.0,1.0,0.0,57.0,0.0,1.0,1.0,1.0,0.0,57.0,1.0,true,1.0,1.0,0.0
0.4,26,13,0.33708051853505316,0.23076923076923078,1.0,39.0,39.0,0.0,1.0,1.0,1.0,0.0,39.0,0.0,1.0,1.0,1.0,0.0,39.0,1.0,true,1.0,1.0,0.0
0.4,27,19,0.49203111856340664,0.3620689655172414,1.0,57.0,57.0,0.0,1.0,1.0,1.0,0.0,57.0,0.0,1.0,1.0,1.0,0.0,57.0,1.0,true,1.0,1.0,0.0
0.4,28,19,0.4148789174862753,0.5,1.0,57.0,57.0,0.0,1.0,1.0,1.0,0.0,57.0,0.0,1.0,1.0,1.0,0.0,57.0,1.0,true,1.0,1.0,0.0
0.4,29,18,0.3895216640238993,0.34615384615384615,1.0,54.0,54.0,0.0,1.0,1.0,1.0,0.0,54.0,0.0,1.0,1.0,1.0,0.0,54.0,1.0,true,1.0,1.0,0.0
0.4,30,21,0.4529758389620891,0.525,1.0,63.0,63.0,0.0,1.0,1.0,1.0,0.0,63.0,0.0,1.0,1.0,1.0,0.0,63.0,1.0,true,1.0,1.0,0.0
0.4,31,20,0.5392891594845826,0.4225352112676056,1.0,60.0,60.0,0.0,1.0,1.0,1.0,0.0,60.0,0.0,1.0,1.0,1.0,0.0,60.0,1.0,true,1.0,1.0,0.0
0.4,32,15,0.0,0.2857142857142857,1.0,45.0,45.0,0.0,1.0,0.42,0.9420000000000002,0.1044,45.0,0.0,1.0,0.41,0.9410000000000001,0.10620000000000002,45.0,1.0,true,1.0,1.0,0.0
0.4,33,15,0.2702114516255107,0.43902439024390244,1.0,45.0,45.0,0.0,1.0,1.0,1.0,0.0,45.0,0.0,1.0,1.0,1.0,0.0,45.0,1.0,true,1.0,1.0,0.0
0.4,34,17,0.39622207711773727,0.35294117647058826,1.0,51.0,51.0,0.0,1.0,1.0,1.0,0.0,51.0,0.0,1.0,1.0,1.0,0.0,51.0,1.0,true,1.0,1.0,0.0
0.4,35,17,0.40077879894878304,0.391304347826087,1.0,51.0,51.0,0.0,1.0,1.0,1.0,0.0,51.0,0.0,1.0,1.0,1.0,0.0,51.0,1.0,true,1.0,1.0,0.0
0.4,36,22,0.5231522027581667,0.49411764705882355,1.0,66.0,66.0,0.0,1.0,1.0,1.0,0.0,66.0,0.0,1.0,1.0,1.0,0.0,66.0,1.0,true,1.0,1.0,0.0
0.4,37,15,0.11642646044095814,0.4166666666666667,1.0,45.0,45.0,0.0,1.0,1.0,1.0,0.0,45.0,0.0,1.0,1.0,1.0,0.0,45.0,1.0,true,1.0,1.0,0.0
0.4,38,12,0.08361259551108566,0.2857142857142857,1.0,36.0,36.0,0.0,1.0,1.0,1.0,0.0,35.89,0.6497085593719789,0.9969444444444444,0.97,0.996,0.006800000000000001,36.0,1.0,true,1.0,1.0,0.0
0.4,39,17,0.0,0.40384615384615385,1.0,51.0,51.0,0.0,1.0,0.46,0.9460000000000001,0.0972,51.0,0.0,1.0,0.34,0.9340000000000002,0.11879999999999999,51.0,1.0,true,1.0,1.0,0.0
0.4,40,14,0.26914850836724924,0.20689655172413793,1.0,42.0,42.0,0.0,1.0,1.0,1.0,0.0,42.0,0.0,1.0,1.0,1.0,0.0,42.0,1.0,true,1.0,1.0,0.0
0.4,41,15,0.31310421615876577,0.23684210526315788,1.0,45.0,45.0,0.0,1.0,1.0,1.0,0.0,45.0,0.0,1.0,1.0,1.0,0.0,45.0,1.0,true,1.0,1.0,0.0
0.4,42,17,0.3429750387887759,0.3333333333333333,1.0,51.0,51.0,0.0,1.0,1.0,1.0,0.0,51.0,0.0,1.0,1.0,1.0,0.0,51.0,1.0,true,1.0,1.0,0.0
0.4,43,19,0.4848963290254464,0.2631578947368421,1.0,57.0,57.0,0.0,1.0,1.0,1.0,0.0,57.0,0.0,1.0,1.0,1.0,0.0,57.0,1.0,true,1.0,1.0,0.0
0.4,44,18,0.3565543193221408,0.38181818181818183,1.0,54.0,54.0,0.0,1.0,1.0,1.0,0.0,54.0,0.0,1.0,1.0,1.0,0.0,54.0,1.0,true,1.0,1.0,0.0
0.4,45,15,0.3875055579417231,0.09090909090909091,1.0,45.0,45.0,0.0,1.0,1.0,1.0,0.0,45.0,0.0,1.0,1.0,1.0,0.0,45.0,1.0,true,1.0,1.0,0.0
0.4,46,10,0.19038914068835408,0.0,0.0,30.0,30.0,0.0,1.0,1.0,1.0,0.0,29.74,0.9058730929915407,0.9913333333333333,0.92,0.991,0.0158,30.0,1.0,true,1.0,1.0,0.0
0.4,47,14,0.39377491366138073,0.18181818181818182,1.0,42.0,42.0,0.0,1.0,1.0,1.0,0.0,42.0,0.0,1.0,1.0,1.0,0.0,42.0,1.0,true,1.0,1.0,0.0
0.4,48,19,0.4935377497722246,0.25,1.0,57.0,57.0,0.0,1.0,1.0,1.0,0.0,57.0,0.0,1.0,1.0,1.0,0.0,57.0,1.0,true,1.0,1.0,0.0
0.4,49,16,0.325868130949129,0.42857142857142855,1.0,48.0,48.0,0.0,1.0,1.0,1.0,0.0,48.0,0.0,1.0,1.0,1.0,0.0,48.0,1.0,true,1.0,1.0,0.0
0.4,50,14,0.17734441774099008,0.375,1.0,42.0,42.0,0.0,1.0,1.0,1.0,0.0,42.0,0.0,1.0,1.0,1.0,0.0,42.0,1.0,true,1.0,1.0,0.0
0.6,1,27,0.6742791143818813,0.528,1.0,81.0,81.0,0.0,1.0,1.0,1.0,0.0,81.0,0.0,1.0,1.0,1.0,0.0,81.0,1.0,true,1.0,1.0,0.0
0.6,2,26,0.5867772032615874,0.5478260869565217,1.0,78.0,78.0,0.0,1.0,1.0,1.0,0.0,78.0,0.0,1.0,1.0,1.0,0.0,78.0,1.0,true,1.0,1.0,0.0
0.6,3,29,0.6148185795602628,0.7012987012987013,1.0,87.0,86.42,5.800000000000002,0.9933333333333334,0.99,0.99,0.0,87.0,0.0,1.0,1.0,1.0,0.0,87.0,1.0,true,1.0,1.0,0.0
0.6,4,34,0.6957104729024985,0.7647058823529411,1.0,102.0,101.32,6.8000000000000025,0.9933333333333333,0.99,0.99,0.0,102.0,0.0,1.0,1.0,1.0,0.0,102.0,1.0,true,1.0,1.0,0.0
0.6,5,27,0.7272395832763313,0.7071428571428572,1.0,81.0,80.46,5.4,0.9933333333333334,0.99,0.99,0.0,81.0,0.0,1.0,1.0,1.0,0.0,81.0,1.0,true,1.0,1.0,0.0
0.6,6,21,0.4051041307981312,0.5853658536585366,1.0,63.0,63.0,0.0,1.0,1.0,1.0,0.0,63.0,0.0,1.0,1.0,1.0,0.0,63.0,1.0,true,1.0,1.0,0.0
0.6,7,24,0.6045437551274229,0.51,1.0,72.0,72.0,0.0,1.0,1.0,1.0,0.0,72.0,0.0,1.0,1.0,1.0,0.0,72.0,1.0,true,1.0,1.0,0.0
0.6,8,28,0.6430448798902018,0.6214285714285714,1.0,84.0,84.0,0.0,1.0,1.0,1.0,0.0,84.0,0.0,1.0,1.0,1.0,0.0,84.0,1.0,true,1.0,1.0,0.0
0.6,9,31,0.7181688184415547,0.6666666666666666,1.0,93.0,93.0,0.0,1.0,1.0,1.0,0.0,93.0,0.0,1.0,1.0,1.0,0.0,93.0,1.0,true,1.0,1.0,0.0
0.6,10,29,0.6292839870175067,0.6442953020134228,1.0,87.0,87.0,0.0,1.0,1.0,1.0,0.0,87.0,0.0,1.0,1.0,1.0,0.0,87.0,1.0,true,1.0,1.0,0.0
0.6,11,25,0.6497117841172882,0.4722222222222222,1.0,75.0,75.0,0.0,1.0,1.0,1.0,0.0,75.0,0.0,1.0,1.0,1.0,0.0,75.0,1.0,true,1.0,1.0,0.0
0.6,12,28,0.6531794671307464,0.6214285714285714,1.0,84.0,83.44,5.6,0.9933333333333333,0.99,0.99,0.0,84.0,0.0,1.0,1.0,1.0,0.0,84.0,1.0,true,1.0,1.0,0.0
0.6,13,29,0.6945557341990424,0.5833333333333334,1.0,87.0,87.0,0.0,1.0,1.0,1.0,0.0,87.0,0.0,1.0,1.0,1.0,0.0,87.0,1.0,true,1.0,1.0,0.0
0.6,14,26,0.6568257480647655,0.5409836065573771,1.0,78.0,78.0,0.0,1.0,1.0,1.0,0.0,78.0,0.0,1.0,1.0,1.0,0.0,78.0,1.0,true,1.0,1.0,0.0
0.6,15,24,0.45896025926868333,0.5151515151515151,1.0,72.0,72.0,0.0,1.0,1.0,1.0,0.0,72.0,0.0,1.0,1.0,1.0,0.0,72.0,1.0,true,1.0,1.0,0.0
0.6,16,25,0.6050129634394859,0.49514563106796117,1.0,75.0,75.0,0.0,1.0,1.0,1.0,0.0,75.0,0.0,1.0,1.0,1.0,0.0,75.0,1.0,true,1.0,1.0,0.0
0.6,17,27,0.6641910616434595,0.5954198473282443,1.0,81.0,81.0,0.0,1.0,1.0,1.0,0.0,81.0,0.0,1.0,1.0,1.0,0.0,81.0,1.0,true,1.0,1.0,0.0
0.6,18,30,0.6804930747318112,0.660377358490566,1.0,90.0,90.0,0.0,1.0,1.0,1.0,0.0,90.0,0.0,1.0,1.0,1.0,0.0,90.0,1.0,true,1.0,1.0,0.0
0.6,19,28,0.7120583996210578,0.518796992481203,1.0,84.0,83.44,5.599999999999999,0.9933333333333333,0.99,0.99,0.0,84.0,0.0,1.0,1.0,1.0,0.0,84.0,1.0,true,1.0,1.0,0.0
0.6,20,25,0.6234842596063533,0.4326923076923077,1.0,75.0,75.0,0.0,1.0,1.0,1.0,0.0,75.0,0.0,1.0,1.0,1.0,0.0,75.0,1.0,true,1.0,1.0,0.0
0.6,21,23,0.5319203341186878,0.5816326530612245,1.0,69.0,69.0,0.0,1.0,1.0,1.0,0.0,69.0,0.0,1.0,1.0,1.0,0.0,69.0,1.0,true,1.0,1.0,0.0
0.6,22,26,0.6438385803922969,0.6,1.0,78.0,78.0,0.0,1.0,1.0,1.0,0.0,78.0,0.0,1.0,1.0,1.0,0.0,78.0,1.0,true,1.0,1.0,0.0
0.6,23,24,0.6220957669790245,0.5887850467289719,1.0,72.0,72.0,0.0,1.0,1.0,1.0,0.0,72.0,0.0,1.0,1.0,1.0,0.0,72.0,1.0,true,1.0,1.0,0.0
0.6,24,29,0.6861016118102705,0.7025316455696202,1.0,87.0,86.42,5.8,0.9933333333333334,0.99,0.99,0.0,87.0,0.0,1.0,1.0,1.0,0.0,87.0,1.0,true,1.0,1.0,0.0
0.6,25,32,0.7999188236868063,0.6666666666666666,1.0,96.0,96.0,0.0,1.0,1.0,1.0,0.0,96.0,0.0,1.0,1.0,1.0,0.0,96.0,1.0,true,1.0,1.0,0.0
0.6,26,26,0.6108818687373307,0.5798319327731093,1.0,78.0,78.0,0.0,1.0,1.0,1.0,0.0,78.0,0.0,1.0,1.0,1.0,0.0,78.0,1.0,true,1.0,1.0,0.0
0.6,27,29,0.6974025047719777,0.6,1.0,87.0,87.0,0.0,1.0,1.0,1.0,0.0,87.0,0.0,1.0,1.0,1.0,0.0,87.0,1.0,true,1.0,1.0,0.0
0.6,28,28,0.6446467602937218,0.6382978723404256,1.0,84.0,83.44,5.6,0.9933333333333333,0.99,0.99,0.0,84.0,0.0,1.0,1.0,1.0,0.0,84.0,1.0,true,1.0,1.0,0.0
0.6,29,27,0.6769324551737252,0.528,1.0,81.0,81.0,0.0,1.0,1.0,1.0,0.0,81.0,0.0,1.0,1.0,1.0,0.0,81.0,1.0,true,1.0,1.0,0.0
0.6,30,33,0.7258055012241725,0.7422680412371134,1.0,99.0,97.68,9.28654941299512,0.9866666666666666,0.98,0.98,0.0,99.0,0.0,1.0,1.0,1.0,0.0,99.0,1.0,true,1.0,1.0,0.0
0.6,31,30,0.7268917635082695,0.6951219512195121,1.0,90.0,89.4,6.000000000000002,0.9933333333333334,0.99,0.99,0.0,90.0,0.0,1.0,1.0,1.0,0.0,90.0,1.0,true,1.0,1.0,0.0
0.6,32,30,0.5636206516430515,0.7407407407407407,1.0,90.0,88.8,8.442317648177381,0.9866666666666666,0.98,0.98,0.0,90.0,0.0,1.0,1.0,1.0,0.0,90.0,1.0,true,1.0,1.0,0.0
0.6,33,30,0.765613539705164,0.6305732484076433,1.0,90.0,89.4,6.000000000000001,0.9933333333333334,0.99,0.99,0.0,90.0,0.0,1.0,1.0,1.0,0.0,90.0,1.0,true,1.0,1.0,0.0
0.6,34,26,0.5834994586677282,0.6048387096774194,1.0,78.0,78.0,0.0,1.0,1.0,1.0,0.0,78.0,0.0,1.0,1.0,1.0,0.0,78.0,1.0,true,1.0,1.0,0.0
0.6,35,24,0.560367475783038,0.4105263157894737,1.0,72.0,72.0,0.0,1.0,1.0,1.0,0.0,72.0,0.0,1.0,1.0,1.0,0.0,72.0,1.0,true,1.0,1.0,0.0
0.6,36,30,0.7766066247037812,0.6153846153846154,1.0,90.0,89.4,6.000000000000001,0.9933333333333333,0.99,0.99,0.0,90.0,0.0,1.0,1.0,1.0,0.0,90.0,1.0,true,1.0,1.0,0.0
0.6,37,22,0.5363891920959636,0.43902439024390244,1.0,66.0,66.0,0.0,1.0,1.0,1.0,0.0,66.0,0.0,1.0,1.0,1.0,0.0,66.0,1.0,true,1.0,1.0,0.0
0.6,38,24,0.5160305207320419,0.5454545454545454,1.0,72.0,72.0,0.0,1.0,1.0,1.0,0.0,72.0,0.0,1.0,1.0,1.0,0.0,72.0,1.0,true,1.0,1.0,0.0
0.6,39,28,0.7219088963526498,0.6503496503496503,1.0,84.0,84.0,0.0,1.0,1.0,1.0,0.0,84.0,0.0,1.0,1.0,1.0,0.0,84.0,1.0,true,1.0,1.0,0.0
0.6,40,22,0.42304580219706556,0.45,1.0,66.0,66.0,0.0,1.0,1.0,1.0,0.0,66.0,0.0,1.0,1.0,1.0,0.0,66.0,1.0,true,1.0,1.0,0.0
0.6,41,24,0.5957488058425238,0.5151515151515151,1.0,72.0,72.0,0.0,1.0,1.0,1.0,0.0,72.0,0.0,1.0,1.0,1.0,0.0,72.0,1.0,true,1.0,1.0,0.0
0.6,42,27,0.6185051413726949,0.609375,1.0,81.0,81.0,0.0,1.0,1.0,1.0,0.0,81.0,0.0,1.0,1.0,1.0,0.0,81.0,1.0,true,1.0,1.0,0.0
0.6,43,28,0.650080708540601,0.6131386861313869,1.0,84.0,84.0,0.0,1.0,1.0,1.0,0.0,84.0,0.0,1.0,1.0,1.0,0.0,84.0,1.0,true,1.0,1.0,0.0
0.6,44,29,0.6893465074102441,0.6862745098039216,1.0,87.0,85.84,8.160907059904803,0.9866666666666667,0.98,0.98,0.0,87.0,0.0,1.0,1.0,1.0,0.0,87.0,1.0,true,1.0,1.0,0.0
0.6,45,26,0.6822053728453629,0.5263157894736842,1.0,78.0,78.0,0.0,1.0,1.0,1.0,0.0,78.0,0.0,1.0,1.0,1.0,0.0,78.0,1.0,true,1.0,1.0,0.0
0.6,46,22,0.4843637280061889,0.46987951807228917,1.0,66.0,66.0,0.0,1.0,1.0,1.0,0.0,66.0,0.0,1.0,1.0,1.0,0.0,66.0,1.0,true,1.0,1.0,0.0
0.6,47,26,0.6483211403219327,0.5950413223140496,1.0,78.0,78.0,0.0,1.0,1.0,1.0,0.0,78.0,0.0,1.0,1.0,1.0,0.0,78.0,1.0,true,1.0,1.0,0.0
0.6,48,25,0.7307092481782151,0.4722222222222222,1.0,75.0,75.0,0.0,1.0,1.0,1.0,0.0,75.0,0.0,1.0,1.0,1.0,0.0,75.0,1.0,true,1.0,1.0,0.0
0.6,49,28,0.6652852117554375,0.6666666666666666,1.0,84.0,84.0,0.0,1.0,1.0,1.0,0.0,84.0,0.0,1.0,1.0,1.0,0.0,84.0,1.0,true,1.0,1.0,0.0
0.6,50,26,0.6305797272137006,0.5702479338842975,1.0,78.0,78.0,0.0,1.0,1.0,1.0,0.0,78.0,0.0,1.0,1.0,1.0,0.0,78.0,1.0,true,1.0,1.0,0.0
0.8,1,35,0.8411655836356773,0.7429906542056075,1.0,105.0,103.6,9.849370589540277,0.9866666666666666,0.98,0.98,0.0,105.0,0.0,1.0,1.0,1.0,0.0,105.0,1.0,true,1.0,1.0,0.0
0.8,2,38,0.8674327942128629,0.8267716535433071,1.0,114.0,113.24,7.6,0.9933333333333334,0.99,0.99,0.0,114.0,0.0,1.0,1.0,1.0,0.0,114.0,1.0,true,1.0,1.0,0.0
0.8,3,38,0.8807215472601674,0.8267716535433071,1.0,114.0,112.48,10.693602354358017,0.9866666666666667,0.98,0.98,0.0,114.0,0.0,1.0,1.0,1.0,0.0,114.0,1.0,true,1.0,1.0,0.0
0.8,4,40,0.8635295954595374,0.8947368421052632,1.0,120.0,119.2,8.000000000000002,0.9933333333333333,0.99,0.99,0.0,120.0,0.0,1.0,1.0,1.0,0.0,120.0,1.0,true,1.0,1.0,0.0
0.8,5,37,0.8152742783269333,0.8448979591836735,1.0,111.0,110.26,7.3999999999999995,0.9933333333333334,0.99,0.99,0.0,111.0,0.0,1.0,1.0,1.0,0.0,111.0,1.0,true,1.0,1.0,0.0
0.8,6,39,0.8404936836817759,0.8745387453874539,1.0,117.0,116.22,7.800000000000001,0.9933333333333333,0.99,0.99,0.0,117.0,0.0,1.0,1.0,1.0,0.0,117.0,1.0,true,1.0,1.0,0.0
0.8,7,35,0.8052780925930745,0.7777777777777778,1.0,105.0,105.0,0.0,1.0,1.0,1.0,0.0,105.0,0.0,1.0,1.0,1.0,0.0,105.0,1.0,true,1.0,1.0,0.0
0.8,8,36,0.8636446849620308,0.7922077922077922,1.0,108.0,107.28,7.2,0.9933333333333334,0.99,0.99,0.0,108.0,0.0,1.0,1.0,1.0,0.0,108.0,1.0,true,1.0,1.0,0.0
0.8,9,39,0.8987651127927586,0.8426966292134831,1.0,117.0,115.44,10.975012942630597,0.9866666666666667,0.98,0.98,0.0,117.0,0.0,1.0,1.0,1.0,0.0,117.0,1.0,true,1.0,1.0,0.0
0.8,10,35,0.8458620235354568,0.7737556561085973,1.0,105.0,103.6,9.849370589540278,0.9866666666666667,0.98,0.98,0.0,105.0,0.0,1.0,1.0,1.0,0.0,105.0,1.0,true,1.0,1.0,0.0
0.8,11,35,0.8540166654369723,0.7534883720930232,1.0,105.0,105.0,0.0,1.0,1.0,1.0,0.0,105.0,0.0,1.0,1.0,1.0,0.0,105.0,1.0,true,1.0,1.0,0.0
0.8,12,39,0.8670750157144432,0.8666666666666667,1.0,117.0,113.88,15.361818074220725,0.9733333333333333,0.96,0.96,0.0,117.0,0.0,1.0,1.0,1.0,0.0,117.0,1.0,true,1.0,1.0,0.0
0.8,13,36,0.8427130053804205,0.7860262008733624,1.0,108.0,105.84,12.344155775839102,0.98,0.97,0.97,0.0,108.0,0.0,1.0,1.0,1.0,0.0,108.0,1.0,true,1.0,1.0,0.0
0.8,14,37,0.8582106707089715,0.8433734939759037,1.0,111.0,111.0,0.0,1.0,1.0,1.0,0.0,111.0,0.0,1.0,1.0,1.0,0.0,111.0,1.0,true,1.0,1.0,0.0
0.8,15,32,0.6990085144481228,0.6818181818181818,1.0,96.0,95.36,6.3999999999999995,0.9933333333333334,0.99,0.99,0.0,96.0,0.0,1.0,1.0,1.0,0.0,96.0,1.0,true,1.0,1.0,0.0
0.8,16,34,0.8059070797153005,0.7128712871287128,1.0,102.0,101.32,6.800000000000002,0.9933333333333333,0.99,0.99,0.0,102.0,0.0,1.0,1.0,1.0,0.0,102.0,1.0,true,1.0,1.0,0.0
0.8,17,35,0.7987596440263649,0.7570093457943925,1.0,105.0,104.3,6.999999999999998,0.9933333333333333,0.99,0.99,0.0,105.0,0.0,1.0,1.0,1.0,0.0,105.0,1.0,true,1.0,1.0,0.0
0.8,18,36,0.8380719481548788,0.7956521739130434,1.0,108.0,108.0,0.0,1.0,1.0,1.0,0.0,108.0,0.0,1.0,1.0,1.0,0.0,108.0,1.0,true,1.0,1.0,0.0
0.8,19,36,0.7977584569683784,0.8051948051948052,1.0,108.0,107.28,7.2,0.9933333333333333,0.99,0.99,0.0,108.0,0.0,1.0,1.0,1.0,0.0,108.0,1.0,true,1.0,1.0,0.0
0.8,20,33,0.7011829267233394,0.7142857142857143,1.0,99.0,98.34,6.6,0.9933333333333333,0.99,0.99,0.0,99.0,0.0,1.0,1.0,1.0,0.0,99.0,1.0,true,1.0,1.0,0.0
0.8,21,32,0.6546506979297453,0.7292817679558011,1.0,96.0,95.36,6.3999999999999995,0.9933333333333333,0.99,0.99,0.0,96.0,0.0,1.0,1.0,1.0,0.0,96.0,1.0,true,1.0,1.0,0.0
0.8,22,36,0.7896355349127063,0.8051948051948052,1.0,108.0,104.4,15.771089776146502,0.9666666666666667,0.95,0.95,0.0,108.0,0.0,1.0,1.0,1.0,0.0,108.0,1.0,true,1.0,1.0,0.0
0.8,23,33,0.7271699645864136,0.7068062827225131,1.0,99.0,99.0,0.0,1.0,1.0,1.0,0.0,99.0,0.0,1.0,1.0,1.0,0.0,99.0,1.0,true,1.0,1.0,0.0
0.8,24,36,0.8333333333333345,0.8017241379310345,1.0,108.0,108.0,0.0,1.0,1.0,1.0,0.0,108.0,0.0,1.0,1.0,1.0,0.0,108.0,1.0,true,1.0,1.0,0.0
0.8,25,39,0.8994284424076889,0.8555555555555555,1.0,117.0,117.0,0.0,1.0,1.0,1.0,0.0,117.0,0.0,1.0,1.0,1.0,0.0,117.0,1.0,true,1.0,1.0,0.0
0.8,26,37,0.8224945786031028,0.8271604938271605,1.0,111.0,110.26,7.3999999999999995,0.9933333333333333,0.99,0.99,0.0,111.0,0.0,1.0,1.0,1.0,0.0,111.0,1.0,true,1.0,1.0,0.0
0.8,27,37,0.8434462294392704,0.8237704918032787,1.0,111.0,109.52,10.412191766085439,0.9866666666666667,0.98,0.98,0.0,111.0,0.0,1.0,1.0,1.0,0.0,111.0,1.0,true,1.0,1.0,0.0
0.8,28,38,0.880721547260167,0.8267716535433071,1.0,114.0,111.72,13.029942207830162,0.98,0.97,0.97,0.0,114.0,0.0,1.0,1.0,1.0,0.0,114.0,1.0,true,1.0,1.0,0.0
0.8,29,34,0.8089130813256928,0.7085427135678392,1.0,102.0,101.32,6.800000000000002,0.9933333333333333,0.99,0.99,0.0,102.0,0.0,1.0,1.0,1.0,0.0,102.0,1.0,true,1.0,1.0,0.0
0.8,30,38,0.8661289614235699,0.8352941176470589,1.0,114.0,113.24,7.599999999999998,0.9933333333333333,0.99,0.99,0.0,114.0,0.0,1.0,1.0,1.0,0.0,114.0,1.0,true,1.0,1.0,0.0
0.8,31,36,0.8065884365555748,0.8205128205128205,1.0,108.0,105.12,14.18013976081913,0.9733333333333333,0.96,0.96,0.0,108.0,0.0,1.0,1.0,1.0,0.0,108.0,1.0,true,1.0,1.0,0.0
0.8,32,38,0.9052117825985265,0.83203125,1.0,114.0,113.24,7.599999999999996,0.9933333333333333,0.99,0.99,0.0,114.0,0.0,1.0,1.0,1.0,0.0,114.0,1.0,true,1.0,1.0,0.0
0.8,33,37,0.8222312853164548,0.8148148148148148,1.0,111.0,109.52,10.412191766085439,0.9866666666666667,0.98,0.98,0.0,111.0,0.0,1.0,1.0,1.0,0.0,111.0,1.0,true,1.0,1.0,0.0
0.8,34,38,0.829268214772459,0.84375,1.0,114.0,114.0,0.0,1.0,1.0,1.0,0.0,114.0,0.0,1.0,1.0,1.0,0.0,114.0,1.0,true,1.0,1.0,0.0
0.8,35,34,0.8419281503830668,0.7352941176470589,1.0,102.0,101.32,6.800000000000001,0.9933333333333334,0.99,0.99,0.0,102.0,0.0,1.0,1.0,1.0,0.0,102.0,1.0,true,1.0,1.0,0.0
0.8,36,36,0.8494641660502512,0.7956521739130434,1.0,108.0,105.84,12.344155775839102,0.98,0.97,0.97,0.0,108.0,0.0,1.0,1.0,1.0,0.0,108.0,1.0,true,1.0,1.0,0.0
0.8,37,38,0.8609593107394108,0.8571428571428571,1.0,114.0,112.48,10.693602354358017,0.9866666666666667,0.98,0.98,0.0,114.0,0.0,1.0,1.0,1.0,0.0,114.0,1.0,true,1.0,1.0,0.0
0.8,38,34,0.7865667126411878,0.7572815533980582,1.0,102.0,101.32,6.8000000000000025,0.9933333333333333,0.99,0.99,0.0,102.0,0.0,1.0,1.0,1.0,0.0,102.0,1.0,true,1.0,1.0,0.0
0.8,39,34,0.7320363254635983,0.75,1.0,102.0,102.0,0.0,1.0,1.0,1.0,0.0,102.0,0.0,1.0,1.0,1.0,0.0,102.0,1.0,true,1.0,1.0,0.0
0.8,40,34,0.8097394224436149,0.705,1.0,102.0,100.64,9.567960001267696,0.9866666666666666,0.98,0.98,0.0,102.0,0.0,1.0,1.0,1.0,0.0,102.0,1.0,true,1.0,1.0,0.0
0.8,41,37,0.892691288713364,0.8114754098360656,1.0,111.0,108.78,12.68704899183463,0.98,0.97,0.97,0.0,111.0,0.0,1.0,1.0,1.0,0.0,111.0,1.0,true,1.0,1.0,0.0
0.8,42,37,0.825115251036375,0.8,1.0,111.0,110.26,7.3999999999999995,0.9933333333333333,0.99,0.99,0.0,111.0,0.0,1.0,1.0,1.0,0.0,111.0,1.0,true,1.0,1.0,0.0
0.8,43,39,0.8802616878670773,0.8587360594795539,1.0,117.0,116.22,7.8,0.9933333333333333,0.99,0.99,0.0,117.0,0.0,1.0,1.0,1.0,0.0,117.0,1.0,true,1.0,1.0,0.0
0.8,44,37,0.7950550616854047,0.8414634146341463,1.0,111.0,111.0,0.0,1.0,1.0,1.0,0.0,111.0,0.0,1.0,1.0,1.0,0.0,111.0,1.0,true,1.0,1.0,0.0
0.8,45,34,0.8585014544510707,0.7014925373134329,1.0,102.0,99.96,11.658369343848042,0.98,0.97,0.97,0.0,102.0,0.0,1.0,1.0,1.0,0.0,102.0,1.0,true,1.0,1.0,0.0
0.8,46,32,0.7745620823293794,0.6610169491525424,1.0,96.0,95.36,6.3999999999999995,0.9933333333333333,0.99,0.99,0.0,96.0,0.0,1.0,1.0,1.0,0.0,96.0,1.0,true,1.0,1.0,0.0
0.8,47,37,0.8160677762143819,0.8414634146341463,1.0,111.0,110.26,7.3999999999999995,0.9933333333333333,0.99,0.99,0.0,111.0,0.0,1.0,1.0,1.0,0.0,111.0,1.0,true,1.0,1.0,0.0
0.8,48,33,0.8078753865242078,0.6910994764397905,1.0,99.0,99.0,0.0,1.0,1.0,1.0,0.0,99.0,0.0,1.0,1.0,1.0,0.0,99.0,1.0,true,1.0,1.0,0.0
0.8,49,34,0.8133516728094368,0.7241379310344828,1.0,102.0,102.0,0.0,1.0,1.0,1.0,0.0,102.0,0.0,1.0,1.0,1.0,0.0,102.0,1.0,true,1.0,1.0,0.0
0.8,50,34,0.7909715185064904,0.8333333333333334,1.0,102.0,101.32,6.8,0.9933333333333333,0.99,0.99,0.0,102.0,0.0,1.0,1.0,1.0,0.0,102.0,1.0,true,1.0,1.0,0.0
1.0,1,45,1.1111111111111107,1.0,1.0,135.0,131.4,17.725174701023914,0.9733333333333334,0.96,0.96,0.0,135.0,0.0,1.0,1.0,1.0,0.0,135.0,1.0,true,1.0,1.0,0.0
1.0,2,45,1.1111111111111107,1.0,1.0,135.0,130.5,19.713862220183128,0.9666666666666666,0.95,0.95,0.0,135.0,0.0,1.0,1.0,1.0,0.0,135.0,1.0,true,1.0,1.0,0.0
1.0,3,45,1.1111111111111107,1.0,1.0,135.0,131.4,17.725174701023914,0.9733333333333334,0.96,0.96,0.0,135.0,0.0,1.0,1.0,1.0,0.0,135.0,1.0,true,1.0,1.0,0.0
1.0,4,45,1.1111111111111107,1.0,1.0,135.0,134.1,9.000000000000002,0.9933333333333333,0.99,0.99,0.0,135.0,0.0,1.0,1.0,1.0,0.0,135.0,1.0,true,1.0,1.0,0.0
1.0,5,45,1.1111111111111107,1.0,1.0,135.0,132.3,15.430194719798877,0.98,0.97,0.97,0.0,135.0,0.0,1.0,1.0,1.0,0.0,135.0,1.0,true,1.0,1.0,0.0
1.0,6,45,1.1111111111111107,1.0,1.0,135.0,134.1,9.000000000000004,0.9933333333333333,0.99,0.99,0.0,135.0,0.0,1.0,1.0,1.0,0.0,135.0,1.0,true,1.0,1.0,0.0
1.0,7,45,1.1111111111111107,1.0,1.0,135.0,132.3,15.430194719798875,0.98,0.97,0.97,0.0,135.0,0.0,1.0,1.0,1.0,0.0,135.0,1.0,true,1.0,1.0,0.0
1.0,8,45,1.1111111111111107,1.0,1.0,135.0,132.3,15.430194719798877,0.98,0.97,0.97,0.0,135.0,0.0,1.0,1.0,1.0,0.0,135.0,1.0,true,1.0,1.0,0.0
1.0,9,45,1.1111111111111107,1.0,1.0,135.0,131.4,17.725174701023914,0.9733333333333334,0.96,0.96,0.0,135.0,0.0,1.0,1.0,1.0,0.0,135.0,1.0,true,1.0,1.0,0.0
1.0,10,45,1.1111111111111107,1.0,1.0,135.0,131.4,17.725174701023914,0.9733333333333333,0.96,0.96,0.0,135.0,0.0,1.0,1.0,1.0,0.0,135.0,1.0,true,1.0,1.0,0.0
1.0,11,45,1.1111111111111107,1.0,1.0,135.0,132.3,15.430194719798877,0.98,0.97,0.97,0.0,135.0,0.0,1.0,1.0,1.0,0.0,135.0,1.0,true,1.0,1.0,0.0
1.0,12,45,1.1111111111111107,1.0,1.0,135.0,130.5,19.713862220183128,0.9666666666666666,0.95,0.95,0.0,135.0,0.0,1.0,1.0,1.0,0.0,135.0,1.0,true,1.0,1.0,0.0
1.0,13,45,1.1111111111111107,1.0,1.0,135.0,131.4,17.72517470102391,0.9733333333333334,0.96,0.96,0.0,135.0,0.0,1.0,1.0,1.0,0.0,135.0,1.0,true,1.0,1.0,0.0
1.0,14,45,1.1111111111111107,1.0,1.0,135.0,133.2,12.66347647226607,0.9866666666666666,0.98,0.98,0.0,135.0,0.0,1.0,1.0,1.0,0.0,135.0,1.0,true,1.0,1.0,0.0
1.0,15,45,1.1111111111111107,1.0,1.0,135.0,131.4,17.725174701023914,0.9733333333333333,0.96,0.96,0.0,135.0,0.0,1.0,1.0,1.0,0.0,135.0,1.0,true,1.0,1.0,0.0
1.0,16,45,1.1111111111111107,1.0,1.0,135.0,131.4,17.725174701023914,0.9733333333333334,0.96,0.96,0.0,135.0,0.0,1.0,1.0,1.0,0.0,135.0,1.0,true,1.0,1.0,0.0
1.0,17,45,1.1111111111111107,1.0,1.0,135.0,132.3,15.430194719798877,0.98,0.97,0.97,0.0,135.0,0.0,1.0,1.0,1.0,0.0,135.0,1.0,true,1.0,1.0,0.0
1.0,18,45,1.1111111111111107,1.0,1.0,135.0,133.2,12.66347647226607,0.9866666666666667,0.98,0.98,0.0,135.0,0.0,1.0,1.0,1.0,0.0,135.0,1.0,true,1.0,1.0,0.0
1.0,19,45,1.1111111111111107,1.0,1.0,135.0,132.3,15.430194719798875,0.98,0.97,0.97,0.0,135.0,0.0,1.0,1.0,1.0,0.0,135.0,1.0,true,1.0,1.0,0.0
1.0,20,45,1.1111111111111107,1.0,1.0,135.0,133.2,12.663476472266069,0.9866666666666666,0.98,0.98,0.0,135.0,0.0,1.0,1.0,1.0,0.0,135.0,1.0,true,1.0,1.0,0.0
1.0,21,45,1.1111111111111107,1.0,1.0,135.0,135.0,0.0,1.0,1.0,1.0,0.0,135.0,0.0,1.0,1.0,1.0,0.0,135.0,1.0,true,1.0,1.0,0.0
1.0,22,45,1.1111111111111107,1.0,1.0,135.0,130.5,19.713862220183128,0.9666666666666667,0.95,0.95,0.0,135.0,0.0,1.0,1.0,1.0,0.0,135.0,1.0,true,1.0,1.0,0.0
1.0,23,45,1.1111111111111107,1.0,1.0,135.0,135.0,0.0,1.0,1.0,1.0,0.0,135.0,0.0,1.0,1.0,1.0,0.0,135.0,1.0,true,1.0,1.0,0.0
1.0,24,45,1.1111111111111107,1.0,1.0,135.0,134.1,9.000000000000002,0.9933333333333333,0.99,0.99,0.0,135.0,0.0,1.0,1.0,1.0,0.0,135.0,1.0,true,1.0,1.0,0.0
1.0,25,45,1.1111111111111107,1.0,1.0,135.0,133.2,12.663476472266069,0.9866666666666666,0.98,0.98,0.0,135.0,0.0,1.0,1.0,1.0,0.0,135.0,1.0,true,1.0,1.0,0.0
1.0,26,45,1.1111111111111107,1.0,1.0,135.0,130.5,19.713862220183128,0.9666666666666666,0.95,0.95,0.0,135.0,0.0,1.0,1.0,1.0,0.0,135.0,1.0,true,1.0,1.0,0.0
1.0,27,45,1.1111111111111107,1.0,1.0,135.0,130.5,19.713862220183128,0.9666666666666667,0.95,0.95,0.0,135.0,0.0,1.0,1.0,1.0,0.0,135.0,1.0,true,1.0,1.0,0.0
1.0,28,45,1.1111111111111107,1.0,1.0,135.0,129.6,21.481493091834782,0.96,0.94,0.94,0.0,135.0,0.0,1.0,1.0,1.0,0.0,135.0,1.0,true,1.0,1.0,0.0
1.0,29,45,1.1111111111111107,1.0,1.0,135.0,131.4,17.725174701023914,0.9733333333333333,0.96,0.96,0.0,135.0,0.0,1.0,1.0,1.0,0.0,135.0,1.0,true,1.0,1.0,0.0
1.0,30,45,1.1111111111111107,1.0,1.0,135.0,132.3,15.430194719798877,0.98,0.97,0.97,0.0,135.0,0.0,1.0,1.0,1.0,0.0,135.0,1.0,true,1.0,1.0,0.0
1.0,31,45,1.1111111111111107,1.0,1.0,135.0,135.0,0.0,1.0,1.0,1.0,0.0,135.0,0.0,1.0,1.0,1.0,0.0,135.0,1.0,true,1.0,1.0,0.0
1.0,32,45,1.1111111111111107,1.0,1.0,135.0,133.2,12.66347647226607,0.9866666666666667,0.98,0.98,0.0,135.0,0.0,1.0,1.0,1.0,0.0,135.0,1.0,true,1.0,1.0,0.0
1.0,33,45,1.1111111111111107,1.0,1.0,135.0,133.2,12.66347647226607,0.9866666666666667,0.98,0.98,0.0,135.0,0.0,1.0,1.0,1.0,0.0,135.0,1.0,true,1.0,1.0,0.0
1.0,34,45,1.1111111111111107,1.0,1.0,135.0,134.1,9.000000000000002,0.9933333333333333,0.99,0.99,0.0,135.0,0.0,1.0,1.0,1.0,0.0,135.0,1.0,true,1.0,1.0,0.0
1.0,35,45,1.1111111111111107,1.0,1.0,135.0,132.3,15.430194719798877,0.98,0.97,0.97,0.0,135.0,0.0,1.0,1.0,1.0,0.0,135.0,1.0,true,1.0,1.0,0.0
1.0,36,45,1.1111111111111107,1.0,1.0,135.0,131.4,17.725174701023914,0.9733333333333333,0.96,0.96,0.0,135.0,0.0,1.0,1.0,1.0,0.0,135.0,1.0,true,1.0,1.0,0.0
1.0,37,45,1.1111111111111107,1.0,1.0,135.0,132.3,15.430194719798877,0.98,0.97,0.97,0.0,135.0,0.0,1.0,1.0,1.0,0.0,135.0,1.0,true,1.0,1.0,0.0
1.0,38,45,1.1111111111111107,1.0,1.0,135.0,132.3,15.430194719798877,0.98,0.97,0.97,0.0,135.0,0.0,1.0,1.0,1.0,0.0,135.0,1.0,true,1.0,1.0,0.0
1.0,39,45,1.1111111111111107,1.0,1.0,135.0,133.2,12.663476472266073,0.9866666666666667,0.98,0.98,0.0,135.0,0.0,1.0,1.0,1.0,0.0,135.0,1.0,true,1.0,1.0,0.0
1.0,40,45,1.1111111111111107,1.0,1.0,135.0,131.4,17.725174701023914,0.9733333333333334,0.96,0.96,0.0,135.0,0.0,1.0,1.0,1.0,0.0,135.0,1.0,true,1.0,1.0,0.0
1.0,41,45,1.1111111111111107,1.0,1.0,135.0,129.6,21.48149309183478,0.96,0.94,0.94,0.0,135.0,0.0,1.0,1.0,1.0,0.0,135.0,1.0,true,1.0,1.0,0.0
1.0,42,45,1.1111111111111107,1.0,1.0,135.0,132.3,15.430194719798875,0.9799999999999999,0.97,0.97,0.0,135.0,0.0,1.0,1.0,1.0,0.0,135.0,1.0,true,1.0,1.0,0.0
1.0,43,45,1.1111111111111107,1.0,1.0,135.0,134.1,9.000000000000002,0.9933333333333333,0.99,0.99,0.0,135.0,0.0,1.0,1.0,1.0,0.0,135.0,1.0,true,1.0,1.0,0.0
1.0,44,45,1.1111111111111107,1.0,1.0,135.0,134.1,9.000000000000004,0.9933333333333333,0.99,0.99,0.0,135.0,0.0,1.0,1.0,1.0,0.0,135.0,1.0,true,1.0,1.0,0.0
1.0,45,45,1.1111111111111107,1.0,1.0,135.0,131.4,17.725174701023914,0.9733333333333334,0.96,0.96,0.0,135.0,0.0,1.0,1.0,1.0,0.0,135.0,1.0,true,1.0,1.0,0.0
1.0,46,45,1.1111111111111107,1.0,1.0,135.0,131.4,17.725174701023914,0.9733333333333333,0.96,0.96,0.0,135.0,0.0,1.0,1.0,1.0,0.0,135.0,1.0,true,1.0,1.0,0.0
1.0,47,45,1.1111111111111107,1.0,1.0,135.0,134.1,9.000000000000004,0.9933333333333333,0.99,0.99,0.0,135.0,0.0,1.0,1.0,1.0,0.0,135.0,1.0,true,1.0,1.0,0.0
1.0,48,45,1.1111111111111107,1.0,1.0,135.0,130.5,19.713862220183128,0.9666666666666667,0.95,0.95,0.0,135.0,0.0,1.0,1.0,1.0,0.0,135.0,1.0,true,1.0,1.0,0.0
1.0,49,45,1.1111111111111107,1.0,1.0,135.0,133.2,12.66347647226607,0.9866666666666666,0.98,0.98,0.0,135.0,0.0,1.0,1.0,1.0,0.0,135.0,1.0,true,1.0,1.0,0.0
1.0,50,45,1.1111111111111107,1.0,1.0,135.0,133.2,12.66347647226607,0.9866666666666667,0.98,0.98,0.0,135.0,0.0,1.0,1.0,1.0,0.0,135.0,1.0,true,1.0,1.0,0.0
